[{"Codigo":4,"CantidaProductos":4,"subtotal":26.98,"Productos":[{"Codigo":101,"Nombre":"Producto 1","Precio":10.99},{"Codigo":102,"Nombre":"Producto 2","Precio":15.99},{"Codigo":0,"Nombre":"","Precio":0},{"Codigo":0,"Nombre":"","Precio":0}]},{"Codigo":5,"CantidaProductos":3,"subtotal":118.49,"Productos":[{"Codigo":103,"Nombre":"Producto 3","Precio":12.49},{"Codigo":3,"Nombre":"Sabras","Precio":94},{"Codigo":1,"Nombre":"awa de uwu","Precio":12}]},{"Codigo":1,"CantidaProductos":6,"subtotal":236,"Productos":[{"Codigo":0,"Nombre":"string","Precio":0},{"Codigo":4,"Nombre":"Jabon uwu","Precio":26},{"Codigo":5,"Nombre":null,"Precio":82},{"Codigo":5,"Nombre":null,"Precio":82},{"Codigo":5,"Nombre":"Gamesa","Precio":20},{"Codigo":4,"Nombre":"Jabon uwu","Precio":26}]},{"Codigo":6,"CantidaProductos":1,"subtotal":0,"Productos":[{"Codigo":1,"Nombre":"string","Precio":0}]},{"Codigo":7,"CantidaProductos":2,"subtotal":12,"Productos":[{"Codigo":4,"Nombre":"string","Precio":0},{"Codigo":1,"Nombre":"awa de uwu","Precio":12}]},{"Codigo":8,"CantidaProductos":1,"subtotal":0,"Productos":[{"Codigo":0,"Nombre":"string","Precio":0}]}]