[
    {
        "Identificador": 1,
        "Nombres": "Kirbee",
        "Apellido": "Blackleech",
        "Email": "kblackleech0@springer.com",
        "password": "zX9>dU~D"
    },
    {
        "Identificador": 2,
        "Nombres": "Jolynn",
        "Apellido": "Sacco",
        "Email": "jsacco1@stumbleupon.com",
        "password": "jA6{$EIhca"
    },
    {
        "Identificador": 3,
        "Nombres": "Byran",
        "Apellido": "Hebblethwaite",
        "Email": "bhebblethwaite2@reddit.com",
        "password": "rT8\"3KQmJ"
    },
    {
        "Identificador": 4,
        "Nombres": "Hayyim",
        "Apellido": "Risborough",
        "Email": "hrisborough3@marketwatch.com",
        "password": "eA4$d5`X|.mCz"
    },
    {
        "Identificador": 5,
        "Nombres": "Geri",
        "Apellido": "Ruberti",
        "Email": "gruberti4@scribd.com",
        "password": "aX9'x+W0D5P,q"
    }
]